pid,_id,majorTypeLEC_id,order,detail_id,lec_id,majorType_id,selected
1,T4-KA.abc,T4-KA,0.0,standard_segment_T4-KA.abc,KA,T-4,1.0
2,T4-KA.de,T4-KA,1.0,standard_segment_T4-KA.de,KA,T-4,0.0
3,T4-KA.fg,T4-KA,2.0,standard_segment_T4-KA.fg,KA,T-4,0.0
4,T4-KA.hi,T4-KA,3.0,standard_segment_T4-KA.hi,KA,T-4,0.0
5,T4-KI.0a,T4-KI,0.0,standard_segment_T4-KI.0a,KI,T-4,1.0
6,T4-KI.bc,T4-KI,1.0,standard_segment_T4-KI.bc,KI,T-4,0.0
7,T4-UF.ab,T4-UF,0.0,standard_segment_T4-UF.ab,UF,T-4,1.0
8,T4-UF.cd,T4-UF,1.0,standard_segment_T4-UF.cd,UF,T-4,0.0
9,T4-UF.ef,T4-UF,2.0,standard_segment_T4-UF.ef,UF,T-4,0.0
10,T4-UF.gh,T4-UF,3.0,standard_segment_T4-UF.gh,UF,T-4,0.0
11,H4-SY.abcd,H4-SY,,,SY,H-4,
12,V13-SX.o,V13-SX,,,SX,V-13,
13,T28-SH.d,T28-SH,,,SH,T-28,
14,T23-TV.k,T23-TV,,,TV,T-23,
15,T23-IO.¤,T23-IO,,,IO,T-23,
16,V9-HI.bcde,V9-HI,,,HI,V-9,
17,M14-SX.a,M14-SX,,,SX,M-14,
18,T9-NG.ab,T9-NG,,,NG,T-9,
19,T9-PF.a,T9-PF,,,PF,T-9,
20,T9-IO.b¤,T9-IO,,,IO,T-9,
21,T20-IF.b,T20-IF,,,IF,T-20,
22,V7-PF.a,V7-PF,,,PF,V-7,
23,H3-OM.¤,H3-OM,,,OM,H-3,
24,T37-SX.g,T37-SX,,,SX,T-37,
25,L5-KI.e¤,L5-KI,,,KI,L-5,
26,T35-SX.e,T35-SX,,,SX,T-35,
27,T12-TV.0abcdefghijk,T12-TV,,,TV,T-12,
28,T12-SA.abcdef+,T12-SA,,,SA,T-12,
29,T27-SH.c,T27-SH,,,SH,T-27,
30,T36-SX.f,T36-SX,,,SX,T-36,
31,T39-SX.h,T39-SX,,,SX,T-39,
32,T43-SX.k,T43-SX,,,SX,T-43,
33,T43-MB.+,T43-MB,,,MB,T-43,
34,F3-OM.¤,F3-OM,,,OM,F-3,
35,L7-SX.c,L7-SX,,,SX,L-7,
36,T34-HI.bcde,T34-HI,,,HI,T-34,
37,T34-HR.a,T34-HR,,,HR,T-34,
38,T6-TV.0abcdefghijk,T6-TV,,,TV,T-6,
39,T6-SA.abcdef+,T6-SA,,,SA,T-6,
40,V4-KI.de¤,V4-KI,,,KI,V-4,
41,V12-SX.n,V12-SX,,,SX,V-12,
42,T31-MX.a,T31-MX,,,MX,T-31,
43,V5-KI.de¤,V5-KI,,,KI,V-5,
44,V5-JV.abcde¤,V5-JV,,,JV,V-5,
45,M12-KI.e¤,M12-KI,,,KI,M-12,
46,M12-JV.abcde¤,M12-JV,,,JV,M-12,
47,T8-NG.abcd¤,T8-NG,,,NG,T-8,
48,T33-HI.bcde,T33-HI,,,HI,T-33,
49,T33-TV.0abcdefghijk,T33-TV,,,TV,T-33,
50,T33-SA.abcdef+,T33-SA,,,SA,T-33,
51,V3-VT.c,V3-VT,,,VT,V-3,
52,T11-TV.0abcdefghijk,T11-TV,,,TV,T-11,
53,T11-SF.b¤,T11-SF,,,SF,T-11,
54,T40-SX.i,T40-SX,,,SX,T-40,
55,T40-MB.0,T40-MB,,,MB,T-40,
56,T45-SX.l,T45-SX,,,SX,T-45,
57,T45-MB.+,T45-MB,,,MB,T-45,
58,T24-TV.k,T24-TV,,,TV,T-24,
59,T24-IO.¤,T24-IO,,,IO,T-24,
60,T24-SA.abcdef+,T24-SA,,,SA,T-24,
61,T38-SX.e,T38-SX,,,SX,T-38,
62,T16-RU.bcde¤,T16-RU,,,RU,T-16,
63,F4-SY.abc,F4-SY,,,SY,F-4,
64,T10-AS.a,T10-AS,,,AS,T-10,
65,M10-GS.abcd¤,M10-GS,,,GS,M-10,
66,T21-SS.0abcdefghi,T21-SS,,,SS,T-21,
67,T14-VI.abc¤,T14-VI,,,VI,T-14,
68,T26-SH.b,T26-SH,,,SH,T-26,
69,T5-GS.abcd¤,T5-GS,,,GS,T-5,
70,T41-SX.j,T41-SX,,,SX,T-41,
71,T41-MB.+,T41-MB,,,MB,T-41,
72,T44-SX.l,T44-SX,,,SX,T-44,
73,T44-MB.+,T44-MB,,,MB,T-44,
74,T32-HI.bcde,T32-HI,,,HI,T-32,
75,L6-OM.b¤,L6-OM,,,OM,L-6,
76,T42-SX.k,T42-SX,,,SX,T-42,
77,T42-MB.0,T42-MB,,,MB,T-42,
78,V10 -HI.bcde,V10 -HI,,,HI,V-10 ,
79,V10 -IO.0a,V10 -IO,,,IO,V-10 ,
80,T29-SH.e,T29-SH,,,SH,T-29,
81,T25-SH.a,T25-SH,,,SH,T-25,
82,V6-SV.abcdefg¤,V6-SV,,,SV,V-6,
83,V6-IO.0a,V6-IO,,,IO,V-6,
84,T19-PF.a,T19-PF,,,PF,T-19,
85,T19-OF.a,T19-OF,,,OF,T-19,
86,T17-SU.bc,T17-SU,,,SU,T-17,
87,T18-VF.fgh¤,T18-VF,,,VF,T-18,
88,M15-SX.b,M15-SX,,,SX,M-15,
89,L8-SX.d,L8-SX,,,SX,L-8,
90,M9-SM.ghi¤,M9-SM,,,SM,M-9,
91,M11-KI.e¤,M11-KI,,,KI,M-11,
92,V8-VT.a,V8-VT,,,VT,V-8,
93,V11-SX.m,V11-SX,,,SX,V-11,
94,F5-SY.abcd,F5-SY,,,SY,F-5,
95,T15-VS.bcd,T15-VS,,,VS,T-15,
96,H2-SM.abcdefghi¤,H2-SM,,,SM,H-2,
97,T7-SV.abcdefg¤,T7-SV,,,SV,T-7,
98,T30-VF.bcde,T30-VF,,,VF,T-30,
99,T13-RU.bcde¤,T13-RU,,,RU,T-13,
100,M13-OM.b¤,M13-OM,,,OM,M-13,
101,T22-JF.ab,T22-JF,,,JF,T-22,
102,M1-VF.0ab,M1-VF,0.0,,VF,M-1,1.0
103,M1-VF.cd,M1-VF,1.0,,VF,M-1,0.0
104,M1-VF.ef,M1-VF,2.0,,VF,M-1,0.0
105,M1-VF.gh,M1-VF,3.0,,VF,M-1,0.0
106,M1-DL.a,M1-DL,0.0,,DL,M-1,1.0
107,M1-DL.bc,M1-DL,1.0,,DL,M-1,0.0
108,M1-DL.d,M1-DL,2.0,,DL,M-1,0.0
109,M1-SA.a,M1-SA,0.0,,SA,M-1,0.0
110,M1-SA.bc,M1-SA,1.0,,SA,M-1,0.0
111,M1-SA.def,M1-SA,2.0,,SA,M-1,1.0
112,M1-HF.0ab,M1-HF,0.0,,HF,M-1,1.0
113,M1-HF.+,M1-HF,1.0,,HF,M-1,0.0
114,M1-S1.a,M1-S1,0.0,,S1,M-1,1.0
115,M1-S1.b,M1-S1,1.0,,S1,M-1,0.0
116,M1-IF.0ab,M1-IF,0.0,,IF,M-1,1.0
117,M1-IF.¤,M1-IF,1.0,,IF,M-1,0.0
118,M1-VR.a,M1-VR,0.0,,VR,M-1,1.0
119,M1-VR.b,M1-VR,1.0,,VR,M-1,0.0
120,M1-RU.0ab,M1-RU,0.0,,RU,M-1,1.0
121,M1-RU.cde,M1-RU,1.0,,RU,M-1,0.0
122,M13-OM.b,M13-OM,0.0,,OM,M-13,1.0
123,M13-OM.¤,M13-OM,1.0,,OM,M-13,0.0
124,M13-DL.abcd,M13-DL,0.0,,DL,M-13,1.0
125,M13-DL.e+,M13-DL,1.0,,DL,M-13,0.0
126,F1-VF.bcde,F1-VF,0.0,,VF,F-1,1.0
127,F1-VF.fgh¤,F1-VF,1.0,,VF,F-1,0.0
128,F1-HU.0a,F1-HU,0.0,,HU,F-1,1.0
129,F1-HU.bcd,F1-HU,1.0,,HU,F-1,0.0
130,F1-KA.abcde,F1-KA,0.0,,KA,F-1,1.0
131,F1-KA.fghi,F1-KA,1.0,,KA,F-1,0.0
132,F1-TU.0,F1-TU,0.0,,TU,F-1,1.0
133,F1-TU.a,F1-TU,1.0,,TU,F-1,0.0
134,L2-S3E.0abc,L2-S3E,0.0,,S3E,L-2,1.0
135,L2-S3E.d,L2-S3E,1.0,,S3E,L-2,0.0
136,L2-S3E.e,L2-S3E,2.0,,S3E,L-2,0.0
137,L2-S3F.0ab,L2-S3F,0.0,,S3F,L-2,1.0
138,L2-S3F.c¤,L2-S3F,1.0,,S3F,L-2,0.0
139,L2-S3S.0,L2-S3S,0.0,,S3S,L-2,1.0
140,L2-S3S.e,L2-S3S,1.0,,S3S,L-2,0.0
141,L2-KA.ab,L2-KA,0.0,,KA,L-2,1.0
142,L2-KA.cde,L2-KA,1.0,,KA,L-2,0.0
143,L2-KA.fghi,L2-KA,2.0,,KA,L-2,0.0
144,L2-IO.0a,L2-IO,0.0,,IO,L-2,1.0
145,L2-IO.b¤,L2-IO,1.0,,IO,L-2,0.0
146,L2-VT.ab,L2-VT,0.0,,VT,L-2,1.0
147,L2-VT.c,L2-VT,1.0,,VT,L-2,0.0
148,L2-SE.0ab,L2-SE,0.0,,SE,L-2,1.0
149,L2-SE.¤,L2-SE,1.0,,SE,L-2,0.0
150,L2-VF.0abcde,L2-VF,0.0,,VF,L-2,1.0
151,L2-VF.fgh¤,L2-VF,1.0,,VF,L-2,0.0
152,L2-HU.0,L2-HU,0.0,,HU,L-2,1.0
153,L2-HU.abcd,L2-HU,1.0,,HU,L-2,0.0
154,L2-DL.ab,L2-DL,0.0,,DL,L-2,1.0
155,L2-DL.c,L2-DL,1.0,,DL,L-2,0.0
156,L2-IF.0,L2-IF,0.0,,IF,L-2,1.0
157,L2-IF.ab,L2-IF,1.0,,IF,L-2,0.0
158,T4-BK.0,T4-BK,0.0,,BK,T-4,1.0
159,T4-BK.a,T4-BK,1.0,,BK,T-4,0.0
160,T4-HI.0,T4-HI,0.0,,HI,T-4,1.0
161,T4-HI.a,T4-HI,1.0,,HI,T-4,0.0
162,T4-SU.0,T4-SU,0.0,,SU,T-4,1.0
163,T4-SU.a,T4-SU,1.0,,SU,T-4,0.0
164,T4-RU.0,T4-RU,0.0,,RU,T-4,1.0
165,T4-RU.a,T4-RU,1.0,,RU,T-4,0.0
166,T4-SS.h,T4-SS,0.0,,SS,T-4,1.0
167,T4-SS.i,T4-SS,1.0,,SS,T-4,0.0
168,T4-SS.+,T4-SS,2.0,,SS,T-4,0.0
169,T4-S1.0,T4-S1,0.0,,S1,T-4,1.0
170,T4-S1.bc,T4-S1,1.0,,S1,T-4,0.0
171,T4-S1.de,T4-S1,2.0,,S1,T-4,0.0
172,T4-S1.fg,T4-S1,3.0,,S1,T-4,0.0
173,T4-S1.hi,T4-S1,4.0,,S1,T-4,0.0
174,T4-VM.0a,T4-VM,0.0,,VM,T-4,1.0
175,T4-VM.b,T4-VM,1.0,,VM,T-4,0.0
176,T4-VS.0,T4-VS,0.0,,VS,T-4,1.0
177,T4-VS.a,T4-VS,1.0,,VS,T-4,0.0
178,T4-SA.0,T4-SA,0.0,,SA,T-4,1.0
179,T4-SA.ab,T4-SA,1.0,,SA,T-4,0.0
180,T4-UE.0a,T4-UE,0.0,,UE,T-4,1.0
181,T4-UE.bcdefg,T4-UE,1.0,,UE,T-4,0.0
182,V11-KA.abcd,V11-KA,0.0,,KA,V-11,1.0
183,V11-KA.efghi,V11-KA,1.0,,KA,V-11,0.0
184,T9-KA.cde,T9-KA,0.0,,KA,T-9,1.0
185,T9-KA.fghi,T9-KA,1.0,,KA,T-9,0.0
186,T9-VM.0a,T9-VM,0.0,,VM,T-9,1.0
187,T9-VM.b,T9-VM,1.0,,VM,T-9,0.0
188,V12-VT.0,V12-VT,0.0,,VT,V-12,1.0
189,V12-VT.a,V12-VT,1.0,,VT,V-12,0.0
190,V12-KA.abcd,V12-KA,0.0,,KA,V-12,1.0
191,V12-KA.efghi,V12-KA,1.0,,KA,V-12,0.0
192,T3-KA.abc,T3-KA,0.0,,KA,T-3,1.0
193,T3-KA.de,T3-KA,1.0,,KA,T-3,0.0
194,T3-KA.fg,T3-KA,2.0,,KA,T-3,0.0
195,T3-KA.hi,T3-KA,3.0,,KA,T-3,0.0
196,T3-UF.bc,T3-UF,0.0,,UF,T-3,1.0
197,T3-UF.de,T3-UF,1.0,,UF,T-3,0.0
198,T3-UF.fg,T3-UF,2.0,,UF,T-3,0.0
199,T3-KI.0a,T3-KI,0.0,,KI,T-3,1.0
200,T3-KI.bc,T3-KI,1.0,,KI,T-3,0.0
201,T3-BK.0,T3-BK,0.0,,BK,T-3,1.0
202,T3-BK.a,T3-BK,1.0,,BK,T-3,0.0
203,T3-HI.0,T3-HI,0.0,,HI,T-3,1.0
204,T3-HI.a,T3-HI,1.0,,HI,T-3,0.0
205,T3-RU.0,T3-RU,0.0,,RU,T-3,1.0
206,T3-RU.a,T3-RU,1.0,,RU,T-3,0.0
207,T3-VM.0a,T3-VM,0.0,,VM,T-3,1.0
208,T3-VM.b,T3-VM,1.0,,VM,T-3,0.0
209,T38-UF.ab,T38-UF,0.0,,UF,T-38,1.0
210,T38-UF.cde,T38-UF,1.0,,UF,T-38,0.0
211,T38-KA.bcde,T38-KA,0.0,,KA,T-38,1.0
212,T38-KA.fgh,T38-KA,1.0,,KA,T-38,0.0
213,L3-KA.abcde,L3-KA,0.0,,KA,L-3,1.0
214,L3-KA.fghi,L3-KA,1.0,,KA,L-3,0.0
215,L3-IO.0a,L3-IO,0.0,,IO,L-3,1.0
216,L3-IO.b¤,L3-IO,1.0,,IO,L-3,0.0
217,L5-KT.a,L5-KT,0.0,,KT,L-5,1.0
218,L5-KT.b,L5-KT,1.0,,KT,L-5,0.0
219,L5-KT.c,L5-KT,2.0,,KT,L-5,0.0
220,L5-KA.cde,L5-KA,0.0,,KA,L-5,1.0
221,L5-KA.fghi,L5-KA,1.0,,KA,L-5,0.0
222,L5-S3E.0abcd,L5-S3E,0.0,,S3E,L-5,1.0
223,L5-S3F.0ab,L5-S3F,0.0,,S3F,L-5,1.0
224,L5-S3F.c¤,L5-S3F,1.0,,S3F,L-5,0.0
225,L5-S3S.0,L5-S3S,0.0,,S3S,L-5,1.0
226,L5-S3S.e,L5-S3S,1.0,,S3S,L-5,0.0
227,L5-VF.0abcde,L5-VF,0.0,,VF,L-5,1.0
228,L5-VF.fgh¤,L5-VF,1.0,,VF,L-5,0.0
229,T20-KA.cde,T20-KA,0.0,,KA,T-20,1.0
230,T20-KA.fgh,T20-KA,1.0,,KA,T-20,0.0
231,T27-SV.0,T27-SV,0.0,,SV,T-27,1.0
232,T27-SV.abcdef,T27-SV,1.0,,SV,T-27,0.0
233,T27-SV.g,T27-SV,2.0,,SV,T-27,0.0
234,T27-KA.abcde,T27-KA,0.0,,KA,T-27,1.0
235,T27-KA.fghi,T27-KA,1.0,,KA,T-27,0.0
236,T27-VI.0a,T27-VI,0.0,,VI,T-27,1.0
237,T27-VI.bc,T27-VI,1.0,,VI,T-27,0.0
238,T27-LA.0abcd,T27-LA,0.0,,LA,T-27,0.0
239,T27-LA.ef+,T27-LA,1.0,,LA,T-27,1.0
240,T27-BK.0,T27-BK,0.0,,BK,T-27,1.0
241,T27-BK.a,T27-BK,1.0,,BK,T-27,0.0
242,T27-BK.b,T27-BK,2.0,,BK,T-27,0.0
243,T27-S1.b,T27-S1,0.0,,S1,T-27,1.0
244,T27-S1.c,T27-S1,1.0,,S1,T-27,0.0
245,T27-UE.abc,T27-UE,0.0,,UE,T-27,1.0
246,T27-UE.defg,T27-UE,1.0,,UE,T-27,0.0
247,T8-NG.ab,T8-NG,0.0,,NG,T-8,1.0
248,T8-NG.cd,T8-NG,1.0,,NG,T-8,0.0
249,T8-NG.¤,T8-NG,2.0,,NG,T-8,0.0
250,T8-KI.0a,T8-KI,0.0,,KI,T-8,1.0
251,T8-KI.bc,T8-KI,1.0,,KI,T-8,0.0
252,T8-UF.abcd,T8-UF,0.0,,UF,T-8,1.0
253,T8-UF.efgh,T8-UF,1.0,,UF,T-8,0.0
254,T8-KA.cde,T8-KA,0.0,,KA,T-8,1.0
255,T8-KA.fghi,T8-KA,1.0,,KA,T-8,0.0
256,T8-HI.0,T8-HI,0.0,,HI,T-8,1.0
257,T8-HI.a,T8-HI,1.0,,HI,T-8,0.0
258,V6-SV.ab,V6-SV,0.0,,SV,V-6,1.0
259,V6-SV.cd,V6-SV,1.0,,SV,V-6,0.0
260,V6-SV.ef,V6-SV,2.0,,SV,V-6,0.0
261,V6-KA.cdef,V6-KA,0.0,,KA,V-6,1.0
262,V6-KA.ghi,V6-KA,1.0,,KA,V-6,0.0
263,V6-KI.bc,V6-KI,0.0,,KI,V-6,1.0
264,V6-KI.de,V6-KI,1.0,,KI,V-6,0.0
265,T31-KA.abc,T31-KA,0.0,,KA,T-31,1.0
266,T31-KA.de,T31-KA,1.0,,KA,T-31,0.0
267,T31-KA.fg,T31-KA,2.0,,KA,T-31,0.0
268,T31-KA.hi,T31-KA,3.0,,KA,T-31,0.0
269,T31-UF.bc,T31-UF,0.0,,UF,T-31,1.0
270,T31-UF.de,T31-UF,1.0,,UF,T-31,0.0
271,T31-UF.fgh,T31-UF,2.0,,UF,T-31,0.0
272,T31-KI.0a,T31-KI,0.0,,KI,T-31,1.0
273,T31-KI.bc,T31-KI,1.0,,KI,T-31,0.0
274,T31-BK.0,T31-BK,0.0,,BK,T-31,1.0
275,T31-BK.a,T31-BK,1.0,,BK,T-31,0.0
276,T31-HI.0,T31-HI,0.0,,HI,T-31,1.0
277,T31-HI.a,T31-HI,1.0,,HI,T-31,0.0
278,T31-VM.0a,T31-VM,0.0,,VM,T-31,1.0
279,T31-VM.b,T31-VM,1.0,,VM,T-31,0.0
280,T33-TV.fgh,T33-TV,0.0,,TV,T-33,1.0
281,T33-TV.ijk,T33-TV,1.0,,TV,T-33,0.0
282,T33-SA.abc,T33-SA,0.0,,SA,T-33,1.0
283,T33-SA.def,T33-SA,1.0,,SA,T-33,0.0
284,T33-SP.0,T33-SP,0.0,,SP,T-33,1.0
285,T33-SP.a,T33-SP,1.0,,SP,T-33,0.0
286,T33-VM.0a,T33-VM,0.0,,VM,T-33,1.0
287,T33-VM.b,T33-VM,1.0,,VM,T-33,0.0
288,T33-S1.de,T33-S1,0.0,,S1,T-33,1.0
289,T33-S1.hi,T33-S1,1.0,,S1,T-33,0.0
290,T33-HI.bc,T33-HI,0.0,,HI,T-33,1.0
291,T33-HI.de,T33-HI,1.0,,HI,T-33,0.0
292,F2-SM.bc,F2-SM,0.0,,SM,F-2,1.0
293,F2-SM.def,F2-SM,1.0,,SM,F-2,0.0
294,F2-SM.ghi,F2-SM,2.0,,SM,F-2,0.0
295,F2-SM.¤,F2-SM,3.0,,SM,F-2,0.0
296,F2-KA.ab,F2-KA,0.0,,KA,F-2,1.0
297,F2-KA.cde,F2-KA,1.0,,KA,F-2,0.0
298,F2-KA.fghi,F2-KA,2.0,,KA,F-2,0.0
299,F2-TU.0,F2-TU,0.0,,TU,F-2,1.0
300,F2-TU.a,F2-TU,1.0,,TU,F-2,0.0
301,F2-HU.0a,F2-HU,0.0,,HU,F-2,1.0
302,F2-HU.bcd,F2-HU,1.0,,HU,F-2,0.0
303,F2-KO.0,F2-KO,0.0,,KO,F-2,1.0
304,F2-KO.+,F2-KO,1.0,,KO,F-2,0.0
305,H1-DM.0,H1-DM,0.0,,DM,H-1,1.0
306,H1-DM.a,H1-DM,1.0,,DM,H-1,0.0
307,H1-DM.bcd,H1-DM,2.0,,DM,H-1,0.0
308,H1-DM.ef,H1-DM,3.0,,DM,H-1,0.0
309,H1-KY.0,H1-KY,0.0,,KY,H-1,1.0
310,H1-KY.a,H1-KY,1.0,,KY,H-1,0.0
311,H1-JV.0a,H1-JV,0.0,,JV,H-1,1.0
312,H1-JV.bcde¤,H1-JV,1.0,,JV,H-1,0.0
313,M9-SM.gh,M9-SM,0.0,,SM,M-9,1.0
314,M9-SM.i,M9-SM,1.0,,SM,M-9,0.0
315,M9-SM.¤,M9-SM,2.0,,SM,M-9,0.0
316,M9-TV.cdefgh,M9-TV,0.0,,TV,M-9,1.0
317,M9-TV.ij,M9-TV,1.0,,TV,M-9,0.0
318,M9-TV.k,M9-TV,2.0,,TV,M-9,0.0
319,M9-SE.0a,M9-SE,0.0,,SE,M-9,1.0
320,M9-SE.b,M9-SE,1.0,,SE,M-9,0.0
321,T7-KA.a,T7-KA,0.0,,KA,T-7,1.0
322,T7-KA.bc,T7-KA,1.0,,KA,T-7,0.0
323,T7-KA.de,T7-KA,2.0,,KA,T-7,0.0
324,T7-KA.fg,T7-KA,3.0,,KA,T-7,0.0
325,T7-KA.hi,T7-KA,4.0,,KA,T-7,0.0
326,T7-SV.ab,T7-SV,0.0,,SV,T-7,1.0
327,T7-SV.cd,T7-SV,1.0,,SV,T-7,0.0
328,T7-SV.ef,T7-SV,2.0,,SV,T-7,0.0
329,T7-SV.g,T7-SV,3.0,,SV,T-7,0.0
330,T7-KI.0a,T7-KI,0.0,,KI,T-7,1.0
331,T7-KI.bc,T7-KI,1.0,,KI,T-7,0.0
332,T7-VM.0a,T7-VM,0.0,,VM,T-7,1.0
333,T7-VM.b,T7-VM,1.0,,VM,T-7,0.0
334,T7-HI.0,T7-HI,0.0,,HI,T-7,1.0
335,T7-HI.a,T7-HI,1.0,,HI,T-7,0.0
336,T7-S1.bc,T7-S1,0.0,,S1,T-7,1.0
337,T7-S1.defg,T7-S1,1.0,,S1,T-7,0.0
338,T32-KA.bc,T32-KA,0.0,,KA,T-32,1.0
339,T32-KA.de,T32-KA,1.0,,KA,T-32,0.0
340,T32-KA.fg,T32-KA,2.0,,KA,T-32,0.0
341,T32-KA.hi,T32-KA,3.0,,KA,T-32,0.0
342,T32-HI.b,T32-HI,0.0,,HI,T-32,1.0
343,T32-HI.cd,T32-HI,1.0,,HI,T-32,0.0
344,T32-HI.e,T32-HI,2.0,,HI,T-32,0.0
345,T32-KI.0a,T32-KI,0.0,,KI,T-32,1.0
346,T32-KI.bc,T32-KI,1.0,,KI,T-32,0.0
347,T32-UF.ab,T32-UF,0.0,,UF,T-32,1.0
348,T32-UF.cde,T32-UF,1.0,,UF,T-32,0.0
349,T32-SS.fghi,T32-SS,0.0,,SS,T-32,0.0
350,T32-SS.jk+,T32-SS,1.0,,SS,T-32,1.0
351,T32-SP.0,T32-SP,0.0,,SP,T-32,1.0
352,T32-SP.a,T32-SP,1.0,,SP,T-32,0.0
353,T32-VM.0a,T32-VM,0.0,,VM,T-32,1.0
354,T32-VM.b,T32-VM,1.0,,VM,T-32,0.0
355,T44-KA.cde,T44-KA,0.0,,KA,T-44,1.0
356,T44-KA.fgh,T44-KA,1.0,,KA,T-44,0.0
357,T44-S1.0,T44-S1,0.0,,S1,T-44,1.0
358,T44-S1.efg,T44-S1,1.0,,S1,T-44,0.0
359,T44-S1.hi,T44-S1,2.0,,S1,T-44,0.0
360,T44-VM.0a,T44-VM,0.0,,VM,T-44,1.0
361,T44-VM.b,T44-VM,1.0,,VM,T-44,0.0
362,V4-KA.cd,V4-KA,0.0,,KA,V-4,1.0
363,V4-KA.ef,V4-KA,1.0,,KA,V-4,0.0
364,V4-KA.ghi,V4-KA,2.0,,KA,V-4,0.0
365,V4-KI.de,V4-KI,0.0,,KI,V-4,1.0
366,V4-KI.¤,V4-KI,1.0,,KI,V-4,0.0
367,V4-KT.a,V4-KT,0.0,,KT,V-4,1.0
368,V4-KT.b,V4-KT,1.0,,KT,V-4,0.0
369,V4-HI.0,V4-HI,0.0,,HI,V-4,1.0
370,V4-HI.a,V4-HI,1.0,,HI,V-4,0.0
371,V13-HS-V13.A,HS-V13,0.0,,HS-V13,V-13,1.0
372,V13-HS-V13.B,HS-V13,1.0,,HS-V13,V-13,0.0
373,V13-HS-V13.C,HS-V13,2.0,,HS-V13,V-13,0.0
374,V13-HS-V13.D,HS-V13,3.0,,HS-V13,V-13,0.0
375,V13-IO.0a,V13-IO,0.0,,IO,V-13,1.0
376,V13-IO.b¤,V13-IO,1.0,,IO,V-13,0.0
377,V13-KA.abcd,V13-KA,0.0,,KA,V-13,1.0
378,V13-KA.efgh,V13-KA,1.0,,KA,V-13,0.0
379,V1-KA.ab,V1-KA,0.0,,KA,V-1,1.0
380,V1-KA.cd,V1-KA,1.0,,KA,V-1,0.0
381,V1-KA.ef,V1-KA,2.0,,KA,V-1,0.0
382,V1-KA.gh,V1-KA,3.0,,KA,V-1,0.0
383,V1-KA.i,V1-KA,4.0,,KA,V-1,0.0
384,V1-TV.cd,V1-TV,0.0,,TV,V-1,1.0
385,V1-TV.ef,V1-TV,1.0,,TV,V-1,0.0
386,V1-TV.gh,V1-TV,2.0,,TV,V-1,0.0
387,V1-TV.ij,V1-TV,3.0,,TV,V-1,0.0
388,V1-TV.k,V1-TV,4.0,,TV,V-1,0.0
389,V1-MF.cd,V1-MF,0.0,,MF,V-1,1.0
390,V1-MF.ef,V1-MF,1.0,,MF,V-1,0.0
391,V1-KI.0,V1-KI,0.0,,KI,V-1,1.0
392,V1-KI.bc,V1-KI,1.0,,KI,V-1,0.0
393,V1-SA.0a,V1-SA,0.0,,SA,V-1,1.0
394,V1-SA.bcd,V1-SA,1.0,,SA,V-1,0.0
395,V1-VT.0,V1-VT,0.0,,VT,V-1,1.0
396,V1-VT.b,V1-VT,1.0,,VT,V-1,0.0
397,V1-TE.0,V1-TE,0.0,,TE,V-1,1.0
398,V1-TE.¤,V1-TE,1.0,,TE,V-1,0.0
399,T35-S1.0,T35-S1,0.0,,S1,T-35,1.0
400,T35-S1.cde,T35-S1,1.0,,S1,T-35,0.0
401,T35-S1.fg,T35-S1,2.0,,S1,T-35,0.0
402,T35-S1.hi,T35-S1,3.0,,S1,T-35,0.0
403,T35-KA.bcde,T35-KA,0.0,,KA,T-35,1.0
404,T35-KA.fgh,T35-KA,1.0,,KA,T-35,0.0
405,T10-VI.0,T10-VI,0.0,,VI,T-10,1.0
406,T10-VI.abc,T10-VI,1.0,,VI,T-10,0.0
407,T22-KA.bcde,T22-KA,0.0,,KA,T-22,1.0
408,T22-KA.fgh,T22-KA,1.0,,KA,T-22,0.0
409,T22-SV.0,T22-SV,0.0,,SV,T-22,1.0
410,T22-SV.ab,T22-SV,1.0,,SV,T-22,0.0
411,T22-VM.0a,T22-VM,0.0,,VM,T-22,1.0
412,T22-VM.b,T22-VM,1.0,,VM,T-22,0.0
413,V10-KA.cde,V10-KA,0.0,,KA,V-10,1.0
414,V10-KA.fgh,V10-KA,1.0,,KA,V-10,0.0
415,V10-KI.0a,V10-KI,0.0,,KI,V-10,1.0
416,V10-KI.bc,V10-KI,1.0,,KI,V-10,0.0
417,V10-SP.0,V10-SP,0.0,,SP,V-10,1.0
418,V10-SP.a,V10-SP,1.0,,SP,V-10,0.0
419,T13-KA.abc,T13-KA,0.0,,KA,T-13,1.0
420,T13-KA.defg,T13-KA,1.0,,KA,T-13,0.0
421,T13-KA.hi,T13-KA,2.0,,KA,T-13,0.0
422,T13-S1.b,T13-S1,0.0,,S1,T-13,1.0
423,T13-S1.c,T13-S1,1.0,,S1,T-13,0.0
424,T13-S1.def,T13-S1,2.0,,S1,T-13,0.0
425,T13-UE.abc,T13-UE,0.0,,UE,T-13,0.0
426,T13-UE.defg,T13-UE,1.0,,UE,T-13,1.0
427,T13-RU.bcde,T13-RU,0.0,,RU,T-13,1.0
428,T13-RU.¤,T13-RU,1.0,,RU,T-13,0.0
429,T13-BK.0,T13-BK,0.0,,BK,T-13,1.0
430,T13-BK.a,T13-BK,1.0,,BK,T-13,0.0
431,T13-VI.0a,T13-VI,0.0,,VI,T-13,1.0
432,T13-VI.bc,T13-VI,1.0,,VI,T-13,0.0
433,T16-KA.abc,T16-KA,0.0,,KA,T-16,1.0
434,T16-KA.de,T16-KA,1.0,,KA,T-16,0.0
435,T16-KA.fg,T16-KA,2.0,,KA,T-16,0.0
436,T16-KA.hi,T16-KA,3.0,,KA,T-16,0.0
437,T16-RU.bc,T16-RU,0.0,,RU,T-16,1.0
438,T16-RU.de,T16-RU,1.0,,RU,T-16,0.0
439,T16-KI.0a,T16-KI,0.0,,KI,T-16,1.0
440,T16-KI.bc,T16-KI,1.0,,KI,T-16,0.0
441,T16-UF.bcd,T16-UF,0.0,,UF,T-16,1.0
442,T16-UF.efgh,T16-UF,1.0,,UF,T-16,0.0
443,T16-HI.0,T16-HI,0.0,,HI,T-16,1.0
444,T16-HI.a,T16-HI,1.0,,HI,T-16,0.0
445,T16-BK.0,T16-BK,0.0,,BK,T-16,1.0
446,T16-BK.a,T16-BK,1.0,,BK,T-16,0.0
447,T16-VI.0a,T16-VI,0.0,,VI,T-16,1.0
448,T16-VI.bc,T16-VI,1.0,,VI,T-16,0.0
449,T16-VM.a0,T16-VM,0.0,,VM,T-16,1.0
450,T16-VM.b,T16-VM,1.0,,VM,T-16,0.0
451,T17-S1.0,T17-S1,0.0,,S1,T-17,1.0
452,T17-S1.de,T17-S1,1.0,,S1,T-17,0.0
453,T17-S1.fg,T17-S1,2.0,,S1,T-17,0.0
454,T17-S1.hi,T17-S1,3.0,,S1,T-17,0.0
455,T17-SU.b,T17-SU,0.0,,SU,T-17,1.0
456,T17-SU.c,T17-SU,1.0,,SU,T-17,0.0
457,T17-KA.bcde,T17-KA,0.0,,KA,T-17,1.0
458,T17-KA.fgh,T17-KA,1.0,,KA,T-17,0.0
459,T17-KI.0a,T17-KI,0.0,,KI,T-17,1.0
460,T17-KI.bc,T17-KI,1.0,,KI,T-17,0.0
461,M15-S3E.0abcd,M15-S3E,0.0,,S3E,M-15,1.0
462,M15-S3E.e,M15-S3E,1.0,,S3E,M-15,0.0
463,M15-S3F.0ab,M15-S3F,0.0,,S3F,M-15,1.0
464,M15-S3F.c¤,M15-S3F,1.0,,S3F,M-15,0.0
465,M15-HS-M15.A,HS-M15,0.0,,HS-M15,M-15,1.0
466,M15-HS-M15.B,HS-M15,1.0,,HS-M15,M-15,0.0
467,M15-DL.0,M15-DL,0.0,,DL,M-15,1.0
468,M15-DL.abcd,M15-DL,1.0,,DL,M-15,0.0
469,M15-DL.e+,M15-DL,2.0,,DL,M-15,0.0
470,M15-SA.abc,M15-SA,0.0,,SA,M-15,1.0
471,M15-SA.def,M15-SA,1.0,,SA,M-15,0.0
472,T6-TV.i,T6-TV,0.0,,TV,T-6,1.0
473,T6-TV.j,T6-TV,1.0,,TV,T-6,0.0
474,T6-TV.k,T6-TV,2.0,,TV,T-6,0.0
475,T6-KA.bcde,T6-KA,0.0,,KA,T-6,1.0
476,T6-KA.fghi,T6-KA,1.0,,KA,T-6,0.0
477,T6-VF.0abcde,T6-VF,0.0,,VF,T-6,1.0
478,T6-VF.fgh¤,T6-VF,1.0,,VF,T-6,0.0
479,T6-HF.0ab,T6-HF,0.0,,HF,T-6,1.0
480,T6-HF.+,T6-HF,1.0,,HF,T-6,0.0
481,T6-IF.0ab,T6-IF,0.0,,IF,T-6,1.0
482,T6-IF.¤,T6-IF,1.0,,IF,T-6,0.0
483,V7-KA.cdef,V7-KA,0.0,,KA,V-7,1.0
484,V7-KA.ghi,V7-KA,1.0,,KA,V-7,0.0
485,V7-TV.c,V7-TV,0.0,,TV,V-7,1.0
486,V7-TV.d,V7-TV,1.0,,TV,V-7,0.0
487,M4-S3E.0a,M4-S3E,0.0,,S3E,M-4,1.0
488,M4-S3E.b,M4-S3E,1.0,,S3E,M-4,0.0
489,M4-S3E.c,M4-S3E,2.0,,S3E,M-4,0.0
490,M4-S3E.d,M4-S3E,3.0,,S3E,M-4,0.0
491,M4-S3E.e,M4-S3E,4.0,,S3E,M-4,0.0
492,M4-S3F.0a,M4-S3F,0.0,,S3F,M-4,1.0
493,M4-S3F.bc,M4-S3F,1.0,,S3F,M-4,0.0
494,M4-S3F.¤,M4-S3F,2.0,,S3F,M-4,0.0
495,M4-S3S.0,M4-S3S,0.0,,S3S,M-4,1.0
496,M4-S3S.a,M4-S3S,1.0,,S3S,M-4,0.0
497,M4-S3S.b,M4-S3S,2.0,,S3S,M-4,0.0
498,M4-DL.abc,M4-DL,0.0,,DL,M-4,1.0
499,M4-DL.d,M4-DL,1.0,,DL,M-4,0.0
500,M4-SA.abc,M4-SA,0.0,,SA,M-4,0.0
501,M4-SA.de,M4-SA,1.0,,SA,M-4,1.0
502,M4-TV.0,M4-TV,0.0,,TV,M-4,1.0
503,M4-TV.ab,M4-TV,1.0,,TV,M-4,0.0
504,M4-IO.0ab,M4-IO,0.0,,IO,M-4,1.0
505,M4-IO.¤,M4-IO,1.0,,IO,M-4,0.0
506,M4-KA.efg,M4-KA,0.0,,KA,M-4,1.0
507,M4-KA.hi,M4-KA,1.0,,KA,M-4,0.0
508,M4-SE.0ab,M4-SE,0.0,,SE,M-4,1.0
509,M4-SE.¤,M4-SE,1.0,,SE,M-4,0.0
510,T39-HS-T39.A,HS-T39,0.0,,HS-T39,T-39,1.0
511,T39-HS-T39.B,HS-T39,1.0,,HS-T39,T-39,0.0
512,T39-HS-T39.C,HS-T39,2.0,,HS-T39,T-39,0.0
513,T39-HS-T39.D,HS-T39,3.0,,HS-T39,T-39,0.0
514,T39-KA.0ab,T39-KA,0.0,,KA,T-39,1.0
515,T39-KA.cdef,T39-KA,1.0,,KA,T-39,0.0
516,L7-HS-L7.A,HS-L7,0.0,,HS-L7,L-7,1.0
517,L7-HS-L7.B,HS-L7,1.0,,HS-L7,L-7,0.0
518,L7-HS-L7.C,HS-L7,2.0,,HS-L7,L-7,0.0
519,L7-DL.abc,L7-DL,0.0,,DL,L-7,1.0
520,L7-DL.de+,L7-DL,1.0,,DL,L-7,0.0
521,V2-KA.abcd,V2-KA,0.0,,KA,V-2,1.0
522,V2-KA.ef,V2-KA,1.0,,KA,V-2,0.0
523,V2-KA.ghi,V2-KA,2.0,,KA,V-2,0.0
524,V2-TV.cdef,V2-TV,0.0,,TV,V-2,1.0
525,V2-TV.ghijk,V2-TV,1.0,,TV,V-2,0.0
526,V2-KI.0a,V2-KI,0.0,,KI,V-2,1.0
527,V2-KI.bc,V2-KI,1.0,,KI,V-2,0.0
528,M12-JV.ab,M12-JV,0.0,,JV,M-12,1.0
529,M12-JV.cd,M12-JV,1.0,,JV,M-12,0.0
530,M12-JV.e¤,M12-JV,2.0,,JV,M-12,0.0
531,M12-DM.0,M12-DM,0.0,,DM,M-12,1.0
532,M12-DM.a,M12-DM,1.0,,DM,M-12,0.0
533,M12-DM.bcdef,M12-DM,2.0,,DM,M-12,0.0
534,F4-SY.a,F4-SY,0.0,,SY,F-4,1.0
535,F4-SY.b,F4-SY,1.0,,SY,F-4,0.0
536,F4-SY.c,F4-SY,2.0,,SY,F-4,0.0
537,F4-VF.bcde,F4-VF,0.0,,VF,F-4,1.0
538,F4-VF.fgh¤,F4-VF,1.0,,VF,F-4,0.0
539,F4-HU.0a,F4-HU,0.0,,HU,F-4,1.0
540,F4-HU.bcd,F4-HU,1.0,,HU,F-4,0.0
541,F4-KA.abcde,F4-KA,0.0,,KA,F-4,1.0
542,F4-KA.fghi,F4-KA,1.0,,KA,F-4,0.0
543,F4-TU.0,F4-TU,0.0,,TU,F-4,1.0
544,F4-TU.a,F4-TU,1.0,,TU,F-4,0.0
545,T34-KA.abc,T34-KA,0.0,,KA,T-34,1.0
546,T34-KA.de,T34-KA,1.0,,KA,T-34,0.0
547,T34-KA.fg,T34-KA,2.0,,KA,T-34,0.0
548,T34-KA.hi,T34-KA,3.0,,KA,T-34,0.0
549,T34-UF.bc,T34-UF,0.0,,UF,T-34,1.0
550,T34-UF.de,T34-UF,1.0,,UF,T-34,0.0
551,T34-UF.fgh,T34-UF,2.0,,UF,T-34,0.0
552,T34-VM.0,T34-VM,0.0,,VM,T-34,1.0
553,T34-VM.ab,T34-VM,1.0,,VM,T-34,0.0
554,T34-BK.0,T34-BK,0.0,,BK,T-34,1.0
555,T34-BK.a,T34-BK,1.0,,BK,T-34,0.0
556,L8-HS-L8.A,HS-L8,0.0,,HS-L8,L-8,1.0
557,L8-HS-L8.B,HS-L8,1.0,,HS-L8,L-8,0.0
558,L8-HS-L8.C,HS-L8,2.0,,HS-L8,L-8,0.0
559,L8-HS-L8.D,HS-L8,3.0,,HS-L8,L-8,0.0
560,L8-HS-L8.E,HS-L8,4.0,,HS-L8,L-8,0.0
561,L8-HS-L8.F,HS-L8,5.0,,HS-L8,L-8,0.0
562,L8-HS-L8.G,HS-L8,6.0,,HS-L8,L-8,0.0
563,L8-HS-L8.H,HS-L8,7.0,,HS-L8,L-8,0.0
564,L8-DL.abc,L8-DL,0.0,,DL,L-8,1.0
565,L8-DL.de+,L8-DL,1.0,,DL,L-8,0.0
566,T2-KA.abc,T2-KA,0.0,,KA,T-2,1.0
567,T2-KA.de,T2-KA,1.0,,KA,T-2,0.0
568,T2-KA.fg,T2-KA,2.0,,KA,T-2,0.0
569,T2-KA.hi,T2-KA,3.0,,KA,T-2,0.0
570,T2-UF.def,T2-UF,0.0,,UF,T-2,1.0
571,T2-UF.gh,T2-UF,1.0,,UF,T-2,0.0
572,T2-VM.0a,T2-VM,0.0,,VM,T-2,1.0
573,T2-VM.b,T2-VM,1.0,,VM,T-2,0.0
574,T2-HI.0,T2-HI,0.0,,HI,T-2,1.0
575,T2-HI.a,T2-HI,1.0,,HI,T-2,0.0
576,T2-BK.0,T2-BK,0.0,,BK,T-2,1.0
577,T2-BK.a,T2-BK,1.0,,BK,T-2,0.0
578,T25-S1.0,T25-S1,0.0,,S1,T-25,1.0
579,T25-S1.de,T25-S1,1.0,,S1,T-25,0.0
580,T25-S1.fg,T25-S1,2.0,,S1,T-25,0.0
581,T25-S1.hi,T25-S1,3.0,,S1,T-25,0.0
582,T25-KA.bcde,T25-KA,0.0,,KA,T-25,1.0
583,T25-KA.fgh,T25-KA,1.0,,KA,T-25,0.0
584,T25-KI.0a,T25-KI,0.0,,KI,T-25,1.0
585,T25-KI.bc,T25-KI,1.0,,KI,T-25,0.0
586,T24-VF.cd,T24-VF,0.0,,VF,T-24,1.0
587,T24-VF.e,T24-VF,1.0,,VF,T-24,0.0
588,T24-VF.f,T24-VF,2.0,,VF,T-24,0.0
589,T24-VM.0a,T24-VM,0.0,,VM,T-24,1.0
590,T24-VM.b,T24-VM,1.0,,VM,T-24,0.0
591,V9-KA.bcd,V9-KA,0.0,,KA,V-9,1.0
592,V9-KA.ef,V9-KA,1.0,,KA,V-9,0.0
593,V9-KA.ghi,V9-KA,2.0,,KA,V-9,0.0
594,V9-TV.def,V9-TV,0.0,,TV,V-9,1.0
595,V9-TV.ghi,V9-TV,1.0,,TV,V-9,0.0
596,V9-KI.0a,V9-KI,0.0,,KI,V-9,1.0
597,V9-KI.bc,V9-KI,1.0,,KI,V-9,0.0
598,V9-SP.0,V9-SP,0.0,,SP,V-9,1.0
599,V9-SP.a,V9-SP,1.0,,SP,V-9,0.0
600,T29-S1.c,T29-S1,0.0,,S1,T-29,1.0
601,T29-S1.de,T29-S1,1.0,,S1,T-29,0.0
602,T29-S1.j,T29-S1,2.0,,S1,T-29,0.0
603,T29-LA.0ab,T29-LA,0.0,,LA,T-29,1.0
604,T29-LA.cdef,T29-LA,1.0,,LA,T-29,0.0
605,T29-TV.ijk,T29-TV,0.0,,TV,T-29,0.0
606,T29-TV.l+,T29-TV,1.0,,TV,T-29,1.0
607,T29-VI.abc,T29-VI,0.0,,VI,T-29,1.0
608,T29-VI.¤,T29-VI,1.0,,VI,T-29,0.0
609,T29-HI.0,T29-HI,0.0,,HI,T-29,1.0
610,T29-HI.a,T29-HI,1.0,,HI,T-29,0.0
611,T1-KA.ab,T1-KA,0.0,,KA,T-1,1.0
612,T1-KA.cd,T1-KA,1.0,,KA,T-1,0.0
613,T1-KA.ef,T1-KA,2.0,,KA,T-1,0.0
614,T1-KA.gh,T1-KA,3.0,,KA,T-1,0.0
615,T1-KA.i,T1-KA,4.0,,KA,T-1,0.0
616,T1-UE.0a,T1-UE,0.0,,UE,T-1,1.0
617,T1-UE.bc,T1-UE,1.0,,UE,T-1,0.0
618,T1-UE.de,T1-UE,2.0,,UE,T-1,0.0
619,T1-UE.fg,T1-UE,3.0,,UE,T-1,0.0
620,T1-OR.0,T1-OR,0.0,,OR,T-1,1.0
621,T1-OR.ab,T1-OR,1.0,,OR,T-1,0.0
622,T1-OR.c,T1-OR,2.0,,OR,T-1,0.0
623,T1-HF.0ab,T1-HF,0.0,,HF,T-1,0.0
624,T1-HF.+,T1-HF,1.0,,HF,T-1,1.0
625,T1-VF.a,T1-VF,0.0,,VF,T-1,1.0
626,T1-VF.bcdef,T1-VF,1.0,,VF,T-1,0.0
627,T1-VS.0abcd,T1-VS,0.0,,VS,T-1,1.0
628,T1-VS.+,T1-VS,1.0,,VS,T-1,0.0
629,T1-LA.0abcd,T1-LA,0.0,,LA,T-1,1.0
630,T1-LA.ef+,T1-LA,1.0,,LA,T-1,0.0
631,T1-NG.0a,T1-NG,0.0,,NG,T-1,1.0
632,T1-NG.bcd¤,T1-NG,1.0,,NG,T-1,0.0
633,T1-VI.0a,T1-VI,0.0,,VI,T-1,1.0
634,T1-VI.bc,T1-VI,1.0,,VI,T-1,0.0
635,T1-SV.0,T1-SV,0.0,,SV,T-1,1.0
636,T1-SV.abcd,T1-SV,1.0,,SV,T-1,0.0
637,T1-IF.0a,T1-IF,0.0,,IF,T-1,1.0
638,T1-IF.b¤,T1-IF,1.0,,IF,T-1,0.0
639,T1-BK.0,T1-BK,0.0,,BK,T-1,1.0
640,T1-BK.a,T1-BK,1.0,,BK,T-1,0.0
641,T1-BK.b,T1-BK,2.0,,BK,T-1,0.0
642,T1-BK.c,T1-BK,3.0,,BK,T-1,0.0
643,T1-BK.d,T1-BK,4.0,,BK,T-1,0.0
644,T40-KA.cde,T40-KA,0.0,,KA,T-40,1.0
645,T40-KA.fgh,T40-KA,1.0,,KA,T-40,0.0
646,T40-UF.ab,T40-UF,0.0,,UF,T-40,1.0
647,T40-UF.cde,T40-UF,1.0,,UF,T-40,0.0
648,T40-SP.0,T40-SP,0.0,,SP,T-40,1.0
649,T40-SP.a,T40-SP,1.0,,SP,T-40,0.0
650,T40-VM.0a,T40-VM,0.0,,VM,T-40,1.0
651,T40-VM.b,T40-VM,1.0,,VM,T-40,0.0
652,T40-SS.fghi,T40-SS,0.0,,SS,T-40,1.0
653,T40-SS.jk+,T40-SS,1.0,,SS,T-40,0.0
654,T40-SA.0,T40-SA,0.0,,SA,T-40,1.0
655,T40-SA.abcdef,T40-SA,1.0,,SA,T-40,0.0
656,F5-SY.a,F5-SY,0.0,,SY,F-5,1.0
657,F5-SY.b,F5-SY,1.0,,SY,F-5,0.0
658,F5-SY.c,F5-SY,2.0,,SY,F-5,0.0
659,F5-SY.d,F5-SY,3.0,,SY,F-5,0.0
660,F5-SM.bc,F5-SM,0.0,,SM,F-5,1.0
661,F5-SM.def,F5-SM,1.0,,SM,F-5,0.0
662,F5-SM.ghi,F5-SM,2.0,,SM,F-5,0.0
663,F5-SM.¤,F5-SM,3.0,,SM,F-5,0.0
664,F5-KA.abcde,F5-KA,0.0,,KA,F-5,1.0
665,F5-KA.fghi,F5-KA,1.0,,KA,F-5,0.0
666,F5-HU.0a,F5-HU,0.0,,HU,F-5,1.0
667,F5-HU.bcd,F5-HU,1.0,,HU,F-5,0.0
668,F5-TU.0,F5-TU,0.0,,TU,F-5,1.0
669,F5-TU.a,F5-TU,1.0,,TU,F-5,0.0
670,F5-KO.0,F5-KO,0.0,,KO,F-5,1.0
671,F5-KO.+,F5-KO,1.0,,KO,F-5,0.0
672,M5-S3E.0a,M5-S3E,0.0,,S3E,M-5,1.0
673,M5-S3E.b,M5-S3E,1.0,,S3E,M-5,0.0
674,M5-S3E.cd,M5-S3E,2.0,,S3E,M-5,0.0
675,M5-S3E.e,M5-S3E,3.0,,S3E,M-5,0.0
676,M5-S3F.0a,M5-S3F,0.0,,S3F,M-5,1.0
677,M5-S3F.bc,M5-S3F,1.0,,S3F,M-5,0.0
678,M5-S3F.¤,M5-S3F,2.0,,S3F,M-5,0.0
679,M5-S3S.0,M5-S3S,0.0,,S3S,M-5,1.0
680,M5-S3S.a,M5-S3S,1.0,,S3S,M-5,0.0
681,M5-S3S.c,M5-S3S,2.0,,S3S,M-5,0.0
682,M5-S3S.d,M5-S3S,3.0,,S3S,M-5,0.0
683,M5-DM.0,M5-DM,0.0,,DM,M-5,1.0
684,M5-DM.a,M5-DM,1.0,,DM,M-5,0.0
685,M5-DM.b,M5-DM,2.0,,DM,M-5,0.0
686,M5-DM.cd,M5-DM,3.0,,DM,M-5,0.0
687,M5-DM.ef,M5-DM,4.0,,DM,M-5,0.0
688,M5-IO.0ab,M5-IO,0.0,,IO,M-5,1.0
689,M5-IO.¤,M5-IO,1.0,,IO,M-5,0.0
690,M5-VF.a,M5-VF,0.0,,VF,M-5,1.0
691,M5-VF.bc,M5-VF,1.0,,VF,M-5,0.0
692,M5-DD.0,M5-DD,0.0,,DD,M-5,1.0
693,M5-DD.a,M5-DD,1.0,,DD,M-5,0.0
694,V8-KA.cde,V8-KA,0.0,,KA,V-8,1.0
695,V8-KA.fgh,V8-KA,1.0,,KA,V-8,0.0
696,V8-SA.0a,V8-SA,0.0,,SA,V-8,1.0
697,V8-SA.bcd,V8-SA,1.0,,SA,V-8,0.0
698,T21-SS.a,T21-SS,0.0,,SS,T-21,1.0
699,T21-SS.bc,T21-SS,1.0,,SS,T-21,0.0
700,T21-SS.d,T21-SS,2.0,,SS,T-21,0.0
701,T21-SS.ef,T21-SS,3.0,,SS,T-21,0.0
702,T21-SS.gh,T21-SS,4.0,,SS,T-21,0.0
703,T21-SS.i,T21-SS,5.0,,SS,T-21,0.0
704,T21-VI.abc,T21-VI,0.0,,VI,T-21,1.0
705,T21-VI.¤,T21-VI,1.0,,VI,T-21,0.0
706,T21-VM.0a,T21-VM,0.0,,VM,T-21,1.0
707,T21-VM.b,T21-VM,1.0,,VM,T-21,0.0
708,T21-HI.0,T21-HI,0.0,,HI,T-21,1.0
709,T21-HI.a,T21-HI,1.0,,HI,T-21,0.0
710,M3-VF.0ab,M3-VF,0.0,,VF,M-3,1.0
711,M3-VF.cd,M3-VF,1.0,,VF,M-3,0.0
712,M3-VF.efg,M3-VF,2.0,,VF,M-3,0.0
713,M3-VF.h,M3-VF,3.0,,VF,M-3,0.0
714,M3-TV.ab,M3-TV,0.0,,TV,M-3,1.0
715,M3-TV.cde,M3-TV,1.0,,TV,M-3,0.0
716,M3-TV.fgh,M3-TV,2.0,,TV,M-3,0.0
717,M3-SA.a,M3-SA,0.0,,SA,M-3,0.0
718,M3-SA.bc,M3-SA,1.0,,SA,M-3,0.0
719,M3-SA.def,M3-SA,2.0,,SA,M-3,1.0
720,M3-HF.0ab,M3-HF,0.0,,HF,M-3,1.0
721,M3-HF.+,M3-HF,1.0,,HF,M-3,0.0
722,M3-IF.0ab,M3-IF,0.0,,IF,M-3,1.0
723,M3-IF.¤,M3-IF,1.0,,IF,M-3,0.0
724,M3-S1.a,M3-S1,0.0,,S1,M-3,1.0
725,M3-S1.b,M3-S1,1.0,,S1,M-3,0.0
726,M3-VR.a,M3-VR,0.0,,VR,M-3,1.0
727,M3-VR.b,M3-VR,1.0,,VR,M-3,0.0
728,M3-RU.0ab,M3-RU,0.0,,RU,M-3,1.0
729,M3-RU.cde,M3-RU,1.0,,RU,M-3,0.0
730,M2-DM.0,M2-DM,0.0,,DM,M-2,1.0
731,M2-DM.a,M2-DM,1.0,,DM,M-2,0.0
732,M2-DM.b,M2-DM,2.0,,DM,M-2,0.0
733,M2-DM.cd,M2-DM,3.0,,DM,M-2,0.0
734,M2-DM.ef,M2-DM,4.0,,DM,M-2,0.0
735,M2-VF.a,M2-VF,0.0,,VF,M-2,1.0
736,M2-VF.bc,M2-VF,1.0,,VF,M-2,0.0
737,M2-HF.0ab,M2-HF,0.0,,HF,M-2,1.0
738,M2-HF.+,M2-HF,1.0,,HF,M-2,0.0
739,M2-BK.0,M2-BK,0.0,,BK,M-2,1.0
740,M2-BK.a,M2-BK,1.0,,BK,M-2,0.0
741,M2-SA.bc,M2-SA,0.0,,SA,M-2,1.0
742,M2-SA.def,M2-SA,1.0,,SA,M-2,0.0
743,M2-S1.a,M2-S1,0.0,,S1,M-2,1.0
744,M2-S1.b,M2-S1,1.0,,S1,M-2,0.0
745,M2-RU.0ab,M2-RU,0.0,,RU,M-2,1.0
746,M2-RU.cde,M2-RU,1.0,,RU,M-2,0.0
747,M2-DD.0,M2-DD,0.0,,DD,M-2,1.0
748,M2-DD.a,M2-DD,1.0,,DD,M-2,0.0
749,T12-TV.cd,T12-TV,0.0,,TV,T-12,1.0
750,T12-TV.ef,T12-TV,1.0,,TV,T-12,0.0
751,T12-TV.gh,T12-TV,2.0,,TV,T-12,0.0
752,T12-TV.ijk,T12-TV,3.0,,TV,T-12,0.0
753,T12-SA.abc,T12-SA,0.0,,SA,T-12,1.0
754,T12-SA.def,T12-SA,1.0,,SA,T-12,0.0
755,T12-HI.0,T12-HI,0.0,,HI,T-12,1.0
756,T12-HI.a,T12-HI,1.0,,HI,T-12,0.0
757,T12-S1.de,T12-S1,0.0,,S1,T-12,1.0
758,T12-S1.hi,T12-S1,1.0,,S1,T-12,0.0
759,T12-VM.0a,T12-VM,0.0,,VM,T-12,1.0
760,T12-VM.b,T12-VM,1.0,,VM,T-12,0.0
761,M8-SA.ab,M8-SA,0.0,,SA,M-8,1.0
762,M8-SA.cdef,M8-SA,1.0,,SA,M-8,0.0
763,M8-IO.0a,M8-IO,0.0,,IO,M-8,1.0
764,M8-IO.b¤,M8-IO,1.0,,IO,M-8,0.0
765,M8-TV.0,M8-TV,0.0,,TV,M-8,1.0
766,M8-TV.ab,M8-TV,1.0,,TV,M-8,0.0
767,M6-KY.0,M6-KY,0.0,,KY,M-6,1.0
768,M6-KY.a,M6-KY,1.0,,KY,M-6,0.0
769,M6-LK.0,M6-LK,0.0,,LK,M-6,1.0
770,M6-LK.+,M6-LK,1.0,,LK,M-6,0.0
771,M6-DM.0,M6-DM,0.0,,DM,M-6,1.0
772,M6-DM.a,M6-DM,1.0,,DM,M-6,0.0
773,T14-VI.abc,T14-VI,0.0,,VI,T-14,1.0
774,T14-VI.¤,T14-VI,1.0,,VI,T-14,0.0
775,T14-KA.abcde,T14-KA,0.0,,KA,T-14,1.0
776,T14-KA.fghi,T14-KA,1.0,,KA,T-14,0.0
777,T11-TV.cdefgh,T11-TV,0.0,,TV,T-11,1.0
778,T11-TV.ijk,T11-TV,1.0,,TV,T-11,0.0
779,T11-S1.de,T11-S1,0.0,,S1,T-11,1.0
780,T11-S1.hi,T11-S1,1.0,,S1,T-11,0.0
781,T36-HS-T36.A,HS-T36,0.0,,HS-T36,T-36,1.0
782,T36-HS-T36.B,HS-T36,1.0,,HS-T36,T-36,0.0
783,T36-HS-T36.C,HS-T36,2.0,,HS-T36,T-36,0.0
784,T36-KA.abcd,T36-KA,0.0,,KA,T-36,1.0
785,T36-KA.efgh,T36-KA,1.0,,KA,T-36,0.0
786,H4-SY.a,H4-SY,0.0,,SY,H-4,1.0
787,H4-SY.b,H4-SY,1.0,,SY,H-4,0.0
788,H4-SY.c,H4-SY,2.0,,SY,H-4,0.0
789,H4-SY.d,H4-SY,3.0,,SY,H-4,0.0
790,H4-SM.abcdef,H4-SM,0.0,,SM,H-4,1.0
791,H4-SM.ghi,H4-SM,1.0,,SM,H-4,0.0
792,H4-SA.abc,H4-SA,0.0,,SA,H-4,1.0
793,H4-SA.def,H4-SA,1.0,,SA,H-4,0.0
794,T26-SV.0,T26-SV,0.0,,SV,T-26,1.0
795,T26-SV.abcd,T26-SV,1.0,,SV,T-26,0.0
796,T26-VM.0a,T26-VM,0.0,,VM,T-26,1.0
797,T26-VM.b,T26-VM,1.0,,VM,T-26,0.0
798,T26-LA.0ab,T26-LA,0.0,,LA,T-26,0.0
799,T26-LA.cdef,T26-LA,1.0,,LA,T-26,1.0
800,T26-S1.cd,T26-S1,0.0,,S1,T-26,1.0
801,T26-S1.efg,T26-S1,1.0,,S1,T-26,0.0
802,T26-S1.hi,T26-S1,2.0,,S1,T-26,0.0
803,T26-KA.cde,T26-KA,0.0,,KA,T-26,1.0
804,T26-KA.fghi,T26-KA,1.0,,KA,T-26,0.0
805,T26-KI.0a,T26-KI,0.0,,KI,T-26,1.0
806,T26-KI.bc,T26-KI,1.0,,KI,T-26,0.0
807,T30-S1.cde,T30-S1,0.0,,S1,T-30,1.0
808,T30-S1.fghi,T30-S1,1.0,,S1,T-30,0.0
809,T30-VF.bc,T30-VF,0.0,,VF,T-30,1.0
810,T30-VF.de,T30-VF,1.0,,VF,T-30,0.0
811,T30-KI.0a,T30-KI,0.0,,KI,T-30,1.0
812,T30-KI.bc,T30-KI,1.0,,KI,T-30,0.0
813,T30-ER.0a,T30-ER,0.0,,ER,T-30,1.0
814,T30-ER.b,T30-ER,1.0,,ER,T-30,0.0
815,T30-KA.bcde,T30-KA,0.0,,KA,T-30,1.0
816,T30-KA.fgh,T30-KA,1.0,,KA,T-30,0.0
817,T30-HI.0,T30-HI,0.0,,HI,T-30,1.0
818,T30-HI.a,T30-HI,1.0,,HI,T-30,0.0
819,T43-KA.cde,T43-KA,0.0,,KA,T-43,1.0
820,T43-KA.fgh,T43-KA,1.0,,KA,T-43,0.0
821,T43-HI.gh,T43-HI,0.0,,HI,T-43,1.0
822,T43-HI.hi,T43-HI,1.0,,HI,T-43,0.0
823,T43-HI.j,T43-HI,2.0,,HI,T-43,0.0
824,T43-VM.0a,T43-VM,0.0,,VM,T-43,1.0
825,T43-VM.b,T43-VM,1.0,,VM,T-43,0.0
826,M7-SA.abc,M7-SA,0.0,,SA,M-7,1.0
827,M7-SA.def,M7-SA,1.0,,SA,M-7,0.0
828,M7-TV.0,M7-TV,0.0,,TV,M-7,1.0
829,M7-TV.ab,M7-TV,1.0,,TV,M-7,0.0
830,M7-S3E.0a,M7-S3E,0.0,,S3E,M-7,1.0
831,M7-S3E.b,M7-S3E,1.0,,S3E,M-7,0.0
832,M7-S3F.bc,M7-S3F,0.0,,S3F,M-7,1.0
833,M7-S3F.¤,M7-S3F,1.0,,S3F,M-7,0.0
834,M10-DL.0,M10-DL,0.0,,DL,M-10,1.0
835,M10-DL.abcd,M10-DL,1.0,,DL,M-10,0.0
836,M10-DL.e+,M10-DL,2.0,,DL,M-10,0.0
837,M10-GS.ab,M10-GS,0.0,,GS,M-10,1.0
838,M10-GS.cd¤,M10-GS,1.0,,GS,M-10,0.0
839,T41-KA.cde,T41-KA,0.0,,KA,T-41,1.0
840,T41-KA.fgh,T41-KA,1.0,,KA,T-41,0.0
841,T41-HI.d,T41-HI,0.0,,HI,T-41,1.0
842,T41-HI.e,T41-HI,1.0,,HI,T-41,0.0
843,T41-SP.0,T41-SP,0.0,,SP,T-41,1.0
844,T41-SP.a,T41-SP,1.0,,SP,T-41,0.0
845,T41-VM.0a,T41-VM,0.0,,VM,T-41,1.0
846,T41-VM.b,T41-VM,1.0,,VM,T-41,0.0
847,V3-TV.cd,V3-TV,0.0,,TV,V-3,1.0
848,V3-TV.ef,V3-TV,1.0,,TV,V-3,0.0
849,V3-TV.gh,V3-TV,2.0,,TV,V-3,0.0
850,V3-TV.ij,V3-TV,3.0,,TV,V-3,0.0
851,V3-TV.k,V3-TV,4.0,,TV,V-3,0.0
852,V3-MF.cd,V3-MF,0.0,,MF,V-3,1.0
853,V3-MF.ef,V3-MF,1.0,,MF,V-3,0.0
854,V3-VI.0,V3-VI,0.0,,VI,V-3,1.0
855,V3-VI.ab,V3-VI,1.0,,VI,V-3,0.0
856,V3-TE.0,V3-TE,0.0,,TE,V-3,1.0
857,V3-TE.¤,V3-TE,1.0,,TE,V-3,0.0
858,T15-KA.cde,T15-KA,0.0,,KA,T-15,1.0
859,T15-KA.fgh,T15-KA,1.0,,KA,T-15,0.0
860,T15-VS.bc,T15-VS,0.0,,VS,T-15,1.0
861,T15-VS.d,T15-VS,1.0,,VS,T-15,0.0
862,T15-HI.0,T15-HI,0.0,,HI,T-15,1.0
863,T15-HI.a,T15-HI,1.0,,HI,T-15,0.0
864,T15-KI.0a,T15-KI,0.0,,KI,T-15,1.0
865,T15-KI.bc,T15-KI,1.0,,KI,T-15,0.0
866,T19-S1.cd,T19-S1,0.0,,S1,T-19,1.0
867,T19-S1.h,T19-S1,1.0,,S1,T-19,0.0
868,T19-KA.bcde,T19-KA,0.0,,KA,T-19,1.0
869,T19-KA.fgh,T19-KA,1.0,,KA,T-19,0.0
870,L4-KA.ab,L4-KA,0.0,,KA,L-4,1.0
871,L4-KA.cde,L4-KA,1.0,,KA,L-4,0.0
872,L4-KA.fghi,L4-KA,2.0,,KA,L-4,0.0
873,L4-S3E.0abcd,L4-S3E,0.0,,S3E,L-4,1.0
874,L4-S3F.0ab,L4-S3F,0.0,,S3F,L-4,1.0
875,L4-S3F.c¤,L4-S3F,1.0,,S3F,L-4,0.0
876,L4-S3S.0,L4-S3S,0.0,,S3S,L-4,1.0
877,L4-S3S.e,L4-S3S,1.0,,S3S,L-4,0.0
878,L4-IO.0a,L4-IO,0.0,,IO,L-4,1.0
879,L4-IO.b¤,L4-IO,1.0,,IO,L-4,0.0
880,L4-IF.0,L4-IF,0.0,,IF,L-4,1.0
881,L4-IF.ab,L4-IF,1.0,,IF,L-4,0.0
882,M14-DL.0,M14-DL,0.0,,DL,M-14,1.0
883,M14-DL.abcd,M14-DL,1.0,,DL,M-14,0.0
884,M14-DL.e+,M14-DL,2.0,,DL,M-14,0.0
885,M14-VF.0abcd,M14-VF,0.0,,VF,M-14,1.0
886,M14-VF.efgh¤,M14-VF,1.0,,VF,M-14,0.0
887,M14-SA.abc,M14-SA,0.0,,SA,M-14,1.0
888,M14-SA.def,M14-SA,1.0,,SA,M-14,0.0
889,T5-GS.a,T5-GS,0.0,,GS,T-5,1.0
890,T5-GS.bcd,T5-GS,1.0,,GS,T-5,0.0
891,T5-GS.¤,T5-GS,2.0,,GS,T-5,0.0
892,T5-KA.abc,T5-KA,0.0,,KA,T-5,1.0
893,T5-KA.defg,T5-KA,1.0,,KA,T-5,0.0
894,T5-KA.hi,T5-KA,2.0,,KA,T-5,0.0
895,T5-UE.0abc,T5-UE,0.0,,UE,T-5,1.0
896,T5-UE.defg,T5-UE,1.0,,UE,T-5,0.0
897,T5-BK.0,T5-BK,0.0,,BK,T-5,1.0
898,T5-BK.a,T5-BK,1.0,,BK,T-5,0.0
899,T5-BK.b,T5-BK,2.0,,BK,T-5,0.0
900,T5-BK.c,T5-BK,3.0,,BK,T-5,0.0
901,T5-LA.0abcd,T5-LA,0.0,,LA,T-5,1.0
902,T5-LA.ef+,T5-LA,1.0,,LA,T-5,0.0
903,T45-HI.gh,T45-HI,0.0,,HI,T-45,1.0
904,T45-HI.hi,T45-HI,1.0,,HI,T-45,0.0
905,T45-HI.j,T45-HI,2.0,,HI,T-45,0.0
906,T45-SP.0,T45-SP,0.0,,SP,T-45,1.0
907,T45-SP.a,T45-SP,1.0,,SP,T-45,0.0
908,T45-KA.cde,T45-KA,0.0,,KA,T-45,1.0
909,T45-KA.fgh,T45-KA,1.0,,KA,T-45,0.0
910,T45-S1.0,T45-S1,0.0,,S1,T-45,1.0
911,T45-S1.efg,T45-S1,1.0,,S1,T-45,0.0
912,T45-S1.hi,T45-S1,2.0,,S1,T-45,0.0
913,T45-VM.a0,T45-VM,0.0,,VM,T-45,1.0
914,T45-VM.b,T45-VM,1.0,,VM,T-45,0.0
915,F3-FK.a,F3-FK,0.0,,FK,F-3,1.0
916,F3-FK.b,F3-FK,1.0,,FK,F-3,0.0
917,F3-FK.c,F3-FK,2.0,,FK,F-3,0.0
918,F3-FK.d,F3-FK,3.0,,FK,F-3,0.0
919,F3-FK.e,F3-FK,4.0,,FK,F-3,0.0
920,T28-KA.abc,T28-KA,0.0,,KA,T-28,1.0
921,T28-KA.defg,T28-KA,1.0,,KA,T-28,0.0
922,T28-KA.hi,T28-KA,2.0,,KA,T-28,0.0
923,T18-S1.cde,T18-S1,0.0,,S1,T-18,1.0
924,T18-S1.fg,T18-S1,1.0,,S1,T-18,0.0
925,T18-S1.hi,T18-S1,2.0,,S1,T-18,0.0
926,T18-VF.f,T18-VF,0.0,,VF,T-18,1.0
927,T18-VF.gh¤,T18-VF,1.0,,VF,T-18,0.0
928,T18-KA.bcde,T18-KA,0.0,,KA,T-18,1.0
929,T18-KA.fgh,T18-KA,1.0,,KA,T-18,0.0
930,T18-FR.0,T18-FR,0.0,,FR,T-18,1.0
931,T18-FR.a,T18-FR,1.0,,FR,T-18,0.0
932,T18-IF.0,T18-IF,0.0,,IF,T-18,1.0
933,T18-IF.ab,T18-IF,1.0,,IF,T-18,0.0
934,T18-KI.0a,T18-KI,0.0,,KI,T-18,1.0
935,T18-KI.bc,T18-KI,1.0,,KI,T-18,0.0
936,T18-HI.0,T18-HI,0.0,,HI,T-18,1.0
937,T18-HI.a,T18-HI,1.0,,HI,T-18,0.0
938,V5-JV.a,V5-JV,0.0,,JV,V-5,1.0
939,V5-JV.b,V5-JV,1.0,,JV,V-5,0.0
940,H2-SM.a,H2-SM,0.0,,SM,H-2,1.0
941,H2-SM.bc,H2-SM,1.0,,SM,H-2,0.0
942,H2-SM.def,H2-SM,2.0,,SM,H-2,0.0
943,H2-SM.gh,H2-SM,3.0,,SM,H-2,0.0
944,H2-SM.i,H2-SM,4.0,,SM,H-2,0.0
945,H2-SM.¤,H2-SM,5.0,,SM,H-2,0.0
946,H2-SA.abc,H2-SA,0.0,,SA,H-2,1.0
947,H2-SA.def,H2-SA,1.0,,SA,H-2,0.0
948,M11-DM.0,M11-DM,0.0,,DM,M-11,1.0
949,M11-DM.a,M11-DM,1.0,,DM,M-11,0.0
950,M11-DM.bcdef,M11-DM,2.0,,DM,M-11,0.0
951,M11-KI.e,M11-KI,0.0,,KI,M-11,1.0
952,M11-KI.¤,M11-KI,1.0,,KI,M-11,0.0
953,M11-KT.d,M11-KT,0.0,,KT,M-11,1.0
954,M11-KT.e,M11-KT,1.0,,KT,M-11,0.0
955,T37-HS-T37.A,HS-T37,0.0,,HS-T37,T-37,1.0
956,T37-HS-T37.B,HS-T37,1.0,,HS-T37,T-37,0.0
957,T37-HS-T37.C,HS-T37,2.0,,HS-T37,T-37,0.0
958,L1-KA.abc,L1-KA,0.0,,KA,L-1,1.0
959,L1-KA.def,L1-KA,1.0,,KA,L-1,0.0
960,L1-KA.ghi,L1-KA,2.0,,KA,L-1,0.0
961,L1-VF.0abcde,L1-VF,0.0,,VF,L-1,1.0
962,L1-VF.fgh¤,L1-VF,1.0,,VF,L-1,0.0
963,L1-HU.0,L1-HU,0.0,,HU,L-1,1.0
964,L1-HU.abcd,L1-HU,1.0,,HU,L-1,0.0
965,L1-DL.ab,L1-DL,0.0,,DL,L-1,1.0
966,L1-DL.c,L1-DL,1.0,,DL,L-1,0.0
967,L1-IF.0,L1-IF,0.0,,IF,L-1,1.0
968,L1-IF.ab,L1-IF,1.0,,IF,L-1,0.0
969,L6-OM.b,L6-OM,0.0,,OM,L-6,1.0
970,L6-OM.¤,L6-OM,1.0,,OM,L-6,0.0
971,L6-KA.abcde,L6-KA,0.0,,KA,L-6,1.0
972,L6-KA.fghi,L6-KA,1.0,,KA,L-6,0.0
